,title,price,year,link,brand,location,age
0,victory trike,7900,,https://frederick.craigslist.org/mcy/d/thurmont-victory-trike/7789768248.html,missing,frederick,
1,2023 honda xr150l,3250,2023.0,https://richmond.craigslist.org/mcy/d/glen-allen-2023-honda-xr150l/7789766135.html,honda,richmond,2.0
2,2020 indian roadmaster dark horse,17000,2020.0,https://washingtondc.craigslist.org/nva/mcy/d/gainesville-2020-indian-roadmaster-dark/7789728967.html,indian motorcycle,washingtondc,5.0
3,"2023 royal enfield meteor 350, hunter and scram - huge savings!!!!!!",0,2023.0,https://norfolk.craigslist.org/mcd/d/newport-news-2023-royal-enfield-meteor/7789713076.html,harley-davidson,norfolk,2.0
4,"2022 can-am ryker - low miles, save big over a new one!",7999,2022.0,https://norfolk.craigslist.org/mcd/d/newport-news-2022-can-am-ryker-low/7789695651.html,harley-davidson,norfolk,3.0
5,2023 indian sport chief - custom bars and exhaust!,17999,2023.0,https://norfolk.craigslist.org/mcd/d/newport-news-2023-indian-sport-chief/7789694608.html,harley-davidson,norfolk,2.0
6,2003 r6 and 2006 600 gsxr,1000,2003.0,https://washingtondc.craigslist.org/mld/mcy/d/bowie-2003-r6-and-gsxr/7789693773.html,missing,washingtondc,22.0
7,"2022 indian roadmaster - tons of extras, excellent shape!",20999,2022.0,https://norfolk.craigslist.org/mcd/d/newport-news-2022-indian-roadmaster/7789693505.html,harley-davidson,norfolk,3.0
8,2023 royal enfield int 650 - great price - save over new!,4999,2023.0,https://norfolk.craigslist.org/mcd/d/newport-news-2023-royal-enfield-int/7789692413.html,harley-davidson,norfolk,2.0
9,2025 royal enfield himalayan 450 - come in for a test ride!,4799,2025.0,https://norfolk.craigslist.org/mcd/d/newport-news-2025-royal-enfield/7789689886.html,harley-davidson,norfolk,0.0
10,2014 hd electra glide ultra classic,16000,2014.0,https://norfolk.craigslist.org/mcy/d/hampton-2014-hd-electra-glide-ultra/7789672536.html,missing,norfolk,11.0
11,restored barn find,1200,,https://norfolk.craigslist.org/mcy/d/williamsburg-restored-barn-find/7789669000.html,missing,norfolk,
12,1967 triumph 650,6500,1967.0,https://york.craigslist.org/mcd/d/york-1967-triumph-650/7789652405.html,triumph,york,58.0
13,2023 klr 650 adventure,6500,2023.0,https://richmond.craigslist.org/mcy/d/amelia-court-house-2023-klr-650/7789651828.html,missing,richmond,2.0
14,2006 honda shadow aero,3250,2006.0,https://washingtondc.craigslist.org/mld/mcy/d/rockville-2006-honda-shadow-aero/7789650061.html,honda,washingtondc,19.0
15,kawasaki kx 450,3800,,https://washingtondc.craigslist.org/doc/mcy/d/vienna-kawasaki-kx-450/7789647424.html,kawasaki,washingtondc,
16,2006 honda goldwing trike & trailer,14500,2006.0,https://harrisonburg.craigslist.org/mcy/d/broadway-2006-honda-goldwing-trike/7789634057.html,honda,harrisonburg,19.0
17,great condition harley,20000,,https://baltimore.craigslist.org/mcy/d/finksburg-great-condition-harley/7789625965.html,harley-davidson,baltimore,
18,suzuki sv650 - naked,3500,,https://washingtondc.craigslist.org/nva/mcd/d/chantilly-suzuki-sv650-naked/7789620619.html,harley-davidson,washingtondc,
19,ktm duke,5000,,https://washingtondc.craigslist.org/nva/mcd/d/chantilly-ktm-duke/7789620316.html,ktm,washingtondc,
20,we want to buy or consign your powersports!,1,,https://richmond.craigslist.org/mcd/d/ashland-we-want-to-buy-or-consign-your/7789610846.html,bmw motorrad,richmond,
21,yamaha xvs1300 vstar,4000,,https://washingtondc.craigslist.org/nva/mcd/d/chantilly-yamaha-xvs1300-vstar/7789606950.html,yamaha,washingtondc,
22,2012 honda silver wing.,5500,2012.0,https://altoona.craigslist.org/mcy/d/curryville-2012-honda-silver-wing/7789598006.html,honda,altoona,13.0
23,2021 vanderhall venice blackjack   ,23995,2021.0,https://atlanta.craigslist.org/atl/mcd/d/richmond-2021-vanderhall-venice/7789579346.html,missing,atlanta,4.0
24,sputnik sidecar,2000,,https://altoona.craigslist.org/mcy/d/curryville-sputnik-sidecar/7789576471.html,missing,altoona,
25,harley davidson cvo street glide,21500,,https://washingtondc.craigslist.org/nva/mcy/d/occoquan-harley-davidson-cvo-street/7789576111.html,harley-davidson,washingtondc,
26,2021 honda goldwing,20000,2021.0,https://frederick.craigslist.org/mcy/d/boonsboro-2021-honda-goldwing/7789550488.html,honda,frederick,4.0
27,2017 harley davidson heritage,12500,2017.0,https://washingtondc.craigslist.org/mld/mcy/d/gaithersburg-2017-harley-davidson/7789546905.html,harley-davidson,washingtondc,8.0
28,1986 harley davidson fxrs low rider,3500,1986.0,https://easternshore.craigslist.org/mcy/d/centreville-1986-harley-davidson-fxrs/7789544441.html,harley-davidson,easternshore,39.0
29,2001 harley davidson dyna wide glide obo,2800,2001.0,https://smd.craigslist.org/mcy/d/clements-2001-harley-davidson-dyna-wide/7789542335.html,harley-davidson,smd,24.0
30,1998 goldwing trike=,7500,1998.0,https://harrisonburg.craigslist.org/mcy/d/broadway-1998-goldwing-trike/7789510082.html,missing,harrisonburg,27.0
31,2010 honda shadow phantom 750cc for sale,4500,2010.0,https://westmd.craigslist.org/mcy/d/smithsburg-2010-honda-shadow-phantom/7789493438.html,honda,westmd,15.0
32,mobility scooter,500,,https://chambersburg.craigslist.org/mcy/d/shippensburg-mobility-scooter/7789476153.html,missing,chambersburg,
33,sportster,4000,,https://fredericksburg.craigslist.org/mcy/d/issue-sportster/7789463228.html,missing,fredericksburg,
34,2004 kawasaki zx10r,2000,2004.0,https://richmond.craigslist.org/mcy/d/midlothian-2004-kawasaki-zx10r/7789460940.html,kawasaki,richmond,21.0
35,2014 honda ctx 1300,5500,2014.0,https://washingtondc.craigslist.org/nva/mcy/d/ashburn-2014-honda-ctx-1300/7789451471.html,honda,washingtondc,11.0
36,genuine buddy 125 scooter,1300,,https://norfolk.craigslist.org/mcy/d/lightfoot-genuine-buddy-125-scooter/7789439313.html,missing,norfolk,
37,honda cb500x abs rally raid,5100,,https://richmond.craigslist.org/mcy/d/mechanicsville-honda-cb500x-abs-rally/7789438001.html,honda,richmond,
38,crf150 r,2500,,https://baltimore.craigslist.org/mcy/d/savage-crf150/7789428519.html,harley-davidson,baltimore,
39,2012 suzuki dr650se,6500,2012.0,https://york.craigslist.org/mcd/d/york-2012-suzuki-dr650se/7789422516.html,suzuki,york,13.0
40,1973 honda cb125,1795,1973.0,https://york.craigslist.org/mcd/d/york-1973-honda-cb125/7789414346.html,honda,york,52.0
41,1982 suzuki gs550l,2000,1982.0,https://lynchburg.craigslist.org/mcy/d/lynchburg-1982-suzuki-gs550l/7789402301.html,suzuki,lynchburg,43.0
42,honda vt1300 stateline - price drop!,4500,,https://washingtondc.craigslist.org/nva/mcd/d/chantilly-honda-vt1300-stateline-price/7789389708.html,harley-davidson,washingtondc,
43,harley sportster,6500,,https://washingtondc.craigslist.org/nva/mcd/d/chantilly-harley-sportster/7789384591.html,harley-davidson,washingtondc,
44,suzuki sv1000s,4000,,https://washingtondc.craigslist.org/nva/mcd/d/chantilly-suzuki-sv1000s/7789372214.html,suzuki,washingtondc,
45,"suzuki v-strom 650xt abs, 3k miles",6250,,https://washingtondc.craigslist.org/mld/mcy/d/silver-spring-suzuki-strom-650xt-abs-3k/7789351643.html,suzuki,washingtondc,
46,minsk wild cat dirt bike,1700,,https://york.craigslist.org/mcd/d/york-minsk-wild-cat-dirt-bike/7789351194.html,ducati,york,
47,1994 honda xr 650,4295,1994.0,https://york.craigslist.org/mcd/d/york-1994-honda-xr-650/7789349821.html,honda,york,31.0
48,1970 bsa lightning 650,8500,1970.0,https://york.craigslist.org/mcd/d/york-1970-bsa-lightning-650/7789345927.html,missing,york,55.0
49,2002 kawasaki meanstreak,3500,2002.0,https://washingtondc.craigslist.org/nva/mcy/d/falls-church-2002-kawasaki-meanstreak/7789320107.html,kawasaki,washingtondc,23.0
50,2013 fatboy lo,7500,2013.0,https://fredericksburg.craigslist.org/mcy/d/fredericksburg-2013-fatboy-lo/7789311683.html,missing,fredericksburg,12.0
51,suzuki boulevard s40,3200,,https://charlottesville.craigslist.org/mcy/d/richmond-suzuki-boulevard-s40/7789288769.html,suzuki,charlottesville,
52,2022 husqvarna tc85 19/16,5400,2022.0,https://york.craigslist.org/mcy/d/stewartstown-2022-husqvarna-tc/7789257031.html,husqvarna,york,3.0
53,okai scooter,150,,https://washingtondc.craigslist.org/mld/mcy/d/rockville-okai-scooter/7789252578.html,missing,washingtondc,
54,2022 yamaha r7,9200,2022.0,https://washingtondc.craigslist.org/nva/mcy/d/springfield-2022-yamaha-r7/7789233181.html,yamaha,washingtondc,3.0
55,2007 suzuki vl 1500 trike,9250,2007.0,https://roanoke.craigslist.org/mcy/d/moneta-2007-suzuki-vl-1500-trike/7789174541.html,suzuki,roanoke,18.0
56,kawasaki z400 abs,3900,,https://washingtondc.craigslist.org/nva/mcy/d/haymarket-kawasaki-z400-abs/7789169512.html,kawasaki,washingtondc,
57,hot red '03 ducati superbike st4 abs - runs perfectly,9000,,https://fredericksburg.craigslist.org/mcy/d/fredericksburg-hot-red-03-ducati/7789155595.html,harley-davidson,fredericksburg,
58,stunning usflag harley custom fxstc $17k,17000,,https://fredericksburg.craigslist.org/mcy/d/fredericksburg-stunning-usflag-harley/7789142960.html,harley-davidson,fredericksburg,
59,2019 can-am spyder f3 limited,18000,2019.0,https://lynchburg.craigslist.org/mcy/d/amherst-2019-can-am-spyder-f3-limited/7789142656.html,missing,lynchburg,6.0
60,2002 honda vtx1800c custom,5500,2002.0,https://lynchburg.craigslist.org/mcy/d/amherst-2002-honda-vtx1800c-custom/7789141700.html,honda,lynchburg,23.0
61,2006 harley-davidson xl1200l,5000,2006.0,https://lynchburg.craigslist.org/mcy/d/amherst-2006-harley-davidson-xl1200l/7789140609.html,harley-davidson,lynchburg,19.0
62,2020 honda fury,6000,2020.0,https://harrisburg.craigslist.org/mcy/d/york-springs-2020-honda-fury/7789113292.html,honda,harrisburg,5.0
63,2002 road king,7950,2002.0,https://washingtondc.craigslist.org/mld/mcy/d/montgomery-village-2002-road-king/7789102897.html,missing,washingtondc,23.0
64,2008 kawasaki vulcan 900 classic lt - very clean must see!,3250,2008.0,https://reading.craigslist.org/mcy/d/felton-2008-kawasaki-vulcan-900-classic/7789080774.html,harley-davidson,reading,17.0
65,1995 honda vfr750,500,1995.0,https://annapolis.craigslist.org/mcy/d/crownsville-1995-honda-vfr750/7789078333.html,honda,annapolis,30.0
66,2009 custom harley davidson sportster 1200,2900,2009.0,https://winchester.craigslist.org/mcy/d/front-royal-2009-custom-harley-davidson/7789073991.html,harley-davidson,winchester,16.0
67,2003 honda shadow 750cc,2500,2003.0,https://norfolk.craigslist.org/mcy/d/newport-news-2003-honda-shadow-750cc/7789063603.html,honda,norfolk,22.0
68,2020 tiger rally pro 900,10000,2020.0,https://winchester.craigslist.org/mcy/d/middletown-2020-tiger-rally-pro-900/7789037658.html,missing,winchester,5.0
69,2016 r6 anniversary edition,9000,2016.0,https://winchester.craigslist.org/mcy/d/middletown-2016-r6-anniversary-edition/7789037201.html,missing,winchester,9.0
70,2007 harley road king,5250,2007.0,https://norfolk.craigslist.org/mcy/d/newport-news-2007-harley-road-king/7788998058.html,harley-davidson,norfolk,18.0
71,2017 triumph speed triple r,8500,2017.0,https://washingtondc.craigslist.org/nva/mcy/d/clifton-2017-triumph-speed-triple/7788994318.html,harley-davidson,washingtondc,8.0
72,2009 bmw f800 gs,6500,2009.0,https://fredericksburg.craigslist.org/mcy/d/garrisonville-2009-bmw-f800-gs/7788968447.html,bmw motorrad,fredericksburg,16.0
73,harley davidson low rider,8500,,https://richmond.craigslist.org/mcy/d/petersburg-harley-davidson-low-rider/7788965024.html,harley-davidson,richmond,
74,motorcycle nomad for sale,6500,,https://richmond.craigslist.org/mcy/d/petersburg-motorcycle-nomad-for-sale/7788963923.html,indian motorcycle,richmond,
75,97 yamaha xt225,1500,,https://lynchburg.craigslist.org/mcy/d/rustburg-97-yamaha-xt225/7788956432.html,yamaha,lynchburg,
76,2023 bmw s1000xr,18500,2023.0,https://washingtondc.craigslist.org/doc/mcy/d/washington-2023-bmw-s1000xr/7788947473.html,bmw motorrad,washingtondc,2.0
77,2017 hyosung gd 250 r - ultra low miles - only 2132 miles,2799,2017.0,https://baltimore.craigslist.org/mcy/d/felton-2017-hyosung-gd-250-ultra-low/7788929268.html,harley-davidson,baltimore,8.0
78,2019 ducati supersport s - new pirelli angel - only 6k miles - s model,9899,2019.0,https://longisland.craigslist.org/mcy/d/felton-2019-ducati-supersport-new/7788928169.html,harley-davidson,longisland,6.0
79,harley twin cam chopper / bobber,6250,,https://washingtondc.craigslist.org/nva/mcy/d/leesburg-harley-twin-cam-chopper-bobber/7788898451.html,harley-davidson,washingtondc,
80,1998 harley ultra classic,6200,1998.0,https://washingtondc.craigslist.org/nva/mcy/d/leesburg-1998-harley-ultra-classic/7788898256.html,harley-davidson,washingtondc,27.0
81,2010 versys 650,3500,2010.0,https://richmond.craigslist.org/mcy/d/henrico-2010-versys-650/7788883495.html,missing,richmond,15.0
82,for sale: 2017 kawasaki versys x300 abs - low mileage,3900,2017.0,https://washingtondc.craigslist.org/nva/mcy/d/leesburg-for-sale-2017-kawasaki-versys/7788878860.html,harley-davidson,washingtondc,8.0
83,2007 suzuki c50,2900,2007.0,https://washingtondc.craigslist.org/nva/mcy/d/alexandria-2007-suzuki-c50/7788862487.html,suzuki,washingtondc,18.0
84,ducati 1098 - update:  auction,10000,,https://washingtondc.craigslist.org/nva/mcd/d/chantilly-ducati-update-auction/7788856384.html,harley-davidson,washingtondc,
85,aprilia tuono v4 factory 1100 - update: auction,10000,,https://washingtondc.craigslist.org/nva/mcd/d/chantilly-aprilia-tuono-v4-factory/7788856341.html,harley-davidson,washingtondc,
86,2009 yamaha vino 125 cc,1450,2009.0,https://york.craigslist.org/mcy/d/airville-2009-yamaha-vino-125-cc/7788835997.html,yamaha,york,16.0
87,2009 sanyang  sym fiddle ii,895,2009.0,https://york.craigslist.org/mcd/d/york-2009-sanyang-sym-fiddle-ii/7788818027.html,missing,york,16.0
88,2011 harley street glide,11000,2011.0,https://washingtondc.craigslist.org/nva/mcy/d/fairfax-2011-harley-street-glide/7788814864.html,harley-davidson,washingtondc,14.0
89,1972 yamaha 125,2495,1972.0,https://york.craigslist.org/mcd/d/york-1972-yamaha-125/7788810556.html,yamaha,york,53.0
90,2012 yamaha r1 (sold),9000,2012.0,https://baltimore.craigslist.org/mcy/d/jessup-2012-yamaha-r1-sold/7788804037.html,yamaha,baltimore,13.0
91,x-pro x9 dirt bike 125cc 4 stroke $800,800,,https://baltimore.craigslist.org/mcy/d/woodbine-pro-x9-dirt-bike-125cc-stroke/7788797839.html,missing,baltimore,
92,*** rare 2005 vespa px-150 with side car***,6500,2005.0,https://washingtondc.craigslist.org/nva/mcy/d/mc-lean-rare-2005-vespa-px-150-with/7788793763.html,missing,washingtondc,20.0
93,2009 vespa 300 gts fully loaded model,6500,2009.0,https://washingtondc.craigslist.org/nva/mcy/d/mc-lean-2009-vespa-300-gts-fully-loaded/7788793578.html,missing,washingtondc,16.0
94,1971 honda ct70,6900,1971.0,https://york.craigslist.org/mcd/d/york-1971-honda-ct70/7788780657.html,honda,york,54.0
95,*nice yamaha vino 50 scooter. 600 miles. i can deliver.,1550,,https://washingtondc.craigslist.org/nva/mcy/d/alexandria-nice-yamaha-vino-50-scooter/7788770455.html,harley-davidson,washingtondc,
96,2005 harley ultra classic,6000,2005.0,https://westmd.craigslist.org/mcy/d/frostburg-2005-harley-ultra-classic/7788765387.html,harley-davidson,westmd,20.0
97,1973 honda cb 350,995,1973.0,https://york.craigslist.org/mcd/d/york-1973-honda-cb-350/7788759951.html,honda,york,52.0
98,2014 yamaha yzf-r1 - all original bodywork and paint - must see!,10750,2014.0,https://southjersey.craigslist.org/mcd/d/felton-2014-yamaha-yzf-r1-all-original/7788742175.html,harley-davidson,southjersey,11.0
99,1980 fxe super glide shovelhead,13500,1980.0,https://norfolk.craigslist.org/mcy/d/yorktown-1980-fxe-super-glide-shovelhead/7788733269.html,missing,norfolk,45.0
100,2005  harley heritage softail,6500,2005.0,https://lynchburg.craigslist.org/mcy/d/lynchburg-2005-harley-heritage-softail/7788679937.html,harley-davidson,lynchburg,20.0
101,custom chopper roller,7000,,https://westmd.craigslist.org/mcy/d/oakland-custom-chopper-roller/7788644433.html,missing,westmd,
102,2012 victory cross roads classic limited edition,6950,2012.0,https://cnj.craigslist.org/mcd/d/felton-2012-victory-cross-roads-classic/7788641252.html,missing,cnj,13.0
103,2008 kawasaki ninja zx-10r - recent full service - runs great!,6950,2008.0,https://lancaster.craigslist.org/mcd/d/felton-2008-kawasaki-ninja-zx-10r/7788638856.html,harley-davidson,lancaster,17.0
104,2023 harley davidson sportser s (factory warranty),13000,2023.0,https://washingtondc.craigslist.org/nva/mcy/d/clifton-2023-harley-davidson-sportser/7788627658.html,harley-davidson,washingtondc,2.0
105,bajaj chetak 150cc 4cycle 4speed,1500,,https://baltimore.craigslist.org/mcy/d/lutherville-timonium-bajaj-chetak-150cc/7788622639.html,bajaj,baltimore,
106,harley davidson custom fatboy,6500,,https://easternshore.craigslist.org/mcy/d/chester-harley-davidson-custom-fatboy/7788620495.html,harley-davidson,easternshore,
107,trailer,1000,,https://norfolk.craigslist.org/mcy/d/williamsburg-trailer/7788576441.html,missing,norfolk,
108,1991 harley heritage softtail,5300,1991.0,https://charlottesville.craigslist.org/mcy/d/louisa-1991-harley-heritage-softtail/7788540913.html,harley-davidson,charlottesville,34.0
109,1981 kawasaki kz650,2295,1981.0,https://york.craigslist.org/mcd/d/york-1981-kawasaki-kz650/7788535156.html,kawasaki,york,44.0
110,vespa et4 150,1500,,https://washingtondc.craigslist.org/nva/mcy/d/herndon-vespa-et4-150/7788512148.html,missing,washingtondc,
111,2013 harley sportster. just serviced,4500,2013.0,https://washingtondc.craigslist.org/mld/mcy/d/germantown-2013-harley-sportster-just/7788503745.html,harley-davidson,washingtondc,12.0
112,1973 honda cb 350 four,1295,1973.0,https://york.craigslist.org/mcd/d/york-1973-honda-cb-350-four/7788499864.html,honda,york,52.0
113,2017 honda grom,3200,2017.0,https://washingtondc.craigslist.org/nva/mcy/d/arlington-2017-honda-grom/7788480069.html,honda,washingtondc,8.0
114,touring motorcycle,3500,,https://harrisonburg.craigslist.org/mcy/d/harrisonburg-touring-motorcycle/7788465058.html,indian motorcycle,harrisonburg,
115,2022 super chief loaded,11000,2022.0,https://norfolk.craigslist.org/mcy/d/hampton-2022-super-chief-loaded/7788461242.html,missing,norfolk,3.0
116,indian scout 60 (2018),6000,2018.0,https://westmd.craigslist.org/mcy/d/keedysville-indian-scout/7788444553.html,indian motorcycle,westmd,7.0
117,"harley davidson softail fxsti, 2006",6900,2006.0,https://baltimore.craigslist.org/mcy/d/ellicott-city-harley-davidson-softail/7788444479.html,harley-davidson,baltimore,19.0
118,2007 street glide custom,7900,2007.0,https://washingtondc.craigslist.org/nva/mcy/d/hollywood-2007-street-glide-custom/7788429462.html,missing,washingtondc,18.0
119,2005 kawasaki  ninja zx6r  zx 636 sport bike,5000,2005.0,https://richmond.craigslist.org/mcy/d/beaverdam-2005-kawasaki-ninja-zx6r-zx/7788425195.html,kawasaki,richmond,20.0
120,2005 suzuki boulevard s83,2800,2005.0,https://washingtondc.craigslist.org/mld/mcy/d/potomac-2005-suzuki-boulevard-s83/7788361050.html,suzuki,washingtondc,20.0
121,2023 armour admit jet electric dirtbike,6500,2023.0,https://baltimore.craigslist.org/mcy/d/owings-mills-2023-armour-admit-jet/7788360325.html,missing,baltimore,2.0
122,2007 honda cbr600rr,3500,2007.0,https://richmond.craigslist.org/mcy/d/richmond-2007-honda-cbr600rr/7788348256.html,honda,richmond,18.0
123,2011 harley electraglide ultra limited,10500,2011.0,https://roanoke.craigslist.org/mcy/d/moneta-2011-harley-electraglide-ultra/7788348094.html,harley-davidson,roanoke,14.0
124,pair of vespa et4 150cc / honda nc50,3000,,https://washingtondc.craigslist.org/nva/mcy/d/woodstock-pair-of-vespa-et4-150cc-honda/7788320343.html,honda,washingtondc,
125,2018 roadmaster with extras by owner,18700,2018.0,https://washingtondc.craigslist.org/nva/mcy/d/fairfax-2018-roadmaster-with-extras-by/7788286777.html,missing,washingtondc,7.0
126,1999 harley davidson softail,5300,1999.0,https://richmond.craigslist.org/mcy/d/glen-allen-1999-harley-davidson-softail/7788275563.html,harley-davidson,richmond,26.0
127,2006 kawasaki klr 650,3000,2006.0,https://washingtondc.craigslist.org/mld/mcy/d/montgomery-village-2006-kawasaki-klr-650/7788275015.html,kawasaki,washingtondc,19.0
128,kawasaki ninja,4500,,https://washingtondc.craigslist.org/nva/mcd/d/chantilly-kawasaki-ninja/7788265577.html,kawasaki,washingtondc,
129,harley sportster - huge price drop!,3500,,https://washingtondc.craigslist.org/nva/mcd/d/chantilly-harley-sportster-huge-price/7788265497.html,harley-davidson,washingtondc,
130,1980 yamaha xs 850,3295,1980.0,https://york.craigslist.org/mcd/d/york-1980-yamaha-xs-850/7788263310.html,yamaha,york,45.0
131,1949 indian scout,4900,1949.0,https://york.craigslist.org/mcd/d/york-1949-indian-scout/7788252052.html,indian motorcycle,york,76.0
132,2013 road king,14000,2013.0,https://richmond.craigslist.org/mcy/d/richmond-2013-road-king/7788236318.html,missing,richmond,12.0
133,2006 honda crf150f,2800,2006.0,https://york.craigslist.org/mcy/d/new-park-2006-honda-crf150f/7788149862.html,honda,york,19.0
134,1969 t350 suzuki,5200,1969.0,https://chambersburg.craigslist.org/mcy/d/chambersburg-1969-t350-suzuki/7788142664.html,suzuki,chambersburg,56.0
135,2013 honda goldwing f6b,8500,2013.0,https://baltimore.craigslist.org/mcy/d/parkville-2013-honda-goldwing-f6b/7788072480.html,honda,baltimore,12.0
136,2003 yamaha v star 650,3000,2003.0,https://york.craigslist.org/mcy/d/felton-2003-yamaha-star-650/7788040447.html,harley-davidson,york,22.0
137,2015 harley-davidson ultra limited low,18000,2015.0,https://annapolis.craigslist.org/mcy/d/tracys-landing-2015-harley-davidson/7788022960.html,harley-davidson,annapolis,10.0
138,2013 harley-davidson softail slim,9000,2013.0,https://annapolis.craigslist.org/mcy/d/tracys-landing-2013-harley-davidson/7788021331.html,harley-davidson,annapolis,12.0
139,2017 gsx-r600,8200,2017.0,https://richmond.craigslist.org/mcy/d/henrico-2017-gsx-r600/7788018431.html,missing,richmond,8.0
140,1980 fxe super glide shovelhead,13500,1980.0,https://norfolk.craigslist.org/mcy/d/yorktown-1980-fxe-super-glide-shovelhead/7788015567.html,missing,norfolk,45.0
141,2013 harley night rod special,10800,2013.0,https://washingtondc.craigslist.org/nva/mcy/d/gainesville-2013-harley-night-rod/7788008360.html,harley-davidson,washingtondc,12.0
142,2003 sv650s track bike,1500,2003.0,https://charlottesville.craigslist.org/mcy/d/waynesboro-2003-sv650s-track-bike/7788000062.html,missing,charlottesville,22.0
143,harley road king,6000,,https://morgantown.craigslist.org/mcy/d/philippi-harley-road-king/7787995940.html,harley-davidson,morgantown,
144,'09 yy50qt-30,800,,https://annapolis.craigslist.org/mcy/d/annapolis-09-yy50qt-30/7787989135.html,missing,annapolis,
145,2025 triumph trident  660 triple tribute edition,8000,2025.0,https://frederick.craigslist.org/mcy/d/frederick-2025-triumph-trident-660/7787979614.html,triumph,frederick,0.0
146,1977 yamaha 360,1295,1977.0,https://york.craigslist.org/mcd/d/york-1977-yamaha-360/7787971909.html,yamaha,york,48.0
147,yamaha 1000 yzf-r1 reduced $1k for off season,7500,,https://martinsburg.craigslist.org/mcy/d/bunker-hill-yamaha-1000-yzf-r1-reduced/7787969423.html,yamaha,martinsburg,
148,2005 honda 80,1600,2005.0,https://chambersburg.craigslist.org/mcy/d/chambersburg-2005-honda-80/7787963080.html,honda,chambersburg,20.0
149,2022 piaggio mp3 hpe sport advanced,6995,2022.0,https://harrisburg.craigslist.org/mcy/d/lewisberry-2022-piaggio-mp3-hpe-sport/7787949216.html,missing,harrisburg,3.0
150,"1978 honda xr75 , motorcycle",4900,1978.0,https://york.craigslist.org/mcd/d/york-1978-honda-xr75-motorcycle/7787948594.html,honda,york,47.0
151,1974 honda cb 350 four,1695,1974.0,https://york.craigslist.org/mcd/d/york-1974-honda-cb-350-four/7787947923.html,honda,york,51.0
152,1995 suzuki katana,2395,1995.0,https://york.craigslist.org/mcd/d/york-1995-suzuki-katana/7787947449.html,suzuki,york,30.0
153,1975 honda cr125m elsinore,25000,1975.0,https://york.craigslist.org/mcd/d/york-1975-honda-cr125m-elsinore/7787945946.html,honda,york,50.0
154,2006 yamaha vstar 650 classic,2500,2006.0,https://harrisburg.craigslist.org/mcy/d/lewisberry-2006-yamaha-vstar-650-classic/7787938943.html,yamaha,harrisburg,19.0
155,2012 honda cbr250r - 541 original miles,2850,2012.0,https://smd.craigslist.org/mcy/d/saint-leonard-2012-honda-cbr250r/7787907775.html,harley-davidson,smd,13.0
156,yamaha r3 300cc,4000,,https://washingtondc.craigslist.org/mld/mcy/d/silver-spring-yamaha-r3-300cc/7787879820.html,yamaha,washingtondc,
157,2023 klr 650 s,6500,2023.0,https://lynchburg.craigslist.org/mcy/d/lynchburg-2023-klr-650/7787847026.html,harley-davidson,lynchburg,2.0
158,2007 harley sportster 1200 custom,2700,2007.0,https://fredericksburg.craigslist.org/mcy/d/fredericksburg-2007-harley-sportster/7787800092.html,harley-davidson,fredericksburg,18.0
159,1989 honda hawk gt (nt650),2200,1989.0,https://chambersburg.craigslist.org/mcy/d/waynesboro-1989-honda-hawk-gt-nt650/7787794219.html,honda,chambersburg,36.0
160,2004 hd heritage softail classic,5500,2004.0,https://richmond.craigslist.org/mcy/d/quinton-2004-hd-heritage-softail-classic/7787788428.html,missing,richmond,21.0
161,motorcycle kawasaki z650 abs,5000,,https://washingtondc.craigslist.org/doc/mcy/d/silver-spring-motorcycle-kawasaki-z650/7787779256.html,kawasaki,washingtondc,
162,can am spyder f3,13900,,https://washingtondc.craigslist.org/mld/mcy/d/rockville-can-am-spyder-f3/7787764386.html,yamaha,washingtondc,
163,honda goldwing,3000,,https://richmond.craigslist.org/mcy/d/heathsville-honda-goldwing/7787752368.html,honda,richmond,
164,harley road king,17500,,https://washingtondc.craigslist.org/nva/mcy/d/falls-church-harley-road-king/7787732445.html,harley-davidson,washingtondc,
165,gw trike & trailer combo,20000,,https://richmond.craigslist.org/mcy/d/keysville-gw-trike-trailer-combo/7787716136.html,missing,richmond,
166,2008 suzuki hayabusa with 4400 og miles,9300,2008.0,https://washingtondc.craigslist.org/nva/mcy/d/ashburn-2008-suzuki-hayabusa-with-4400/7787673504.html,suzuki,washingtondc,17.0
167,2009 suzuki v-strom 650 dl650,3000,2009.0,https://richmond.craigslist.org/mcy/d/richmond-2009-suzuki-strom-650-dl650/7787650658.html,suzuki,richmond,16.0
168,1996 kawasaki vulcan,2590,1996.0,https://winchester.craigslist.org/mcy/d/augusta-1996-kawasaki-vulcan/7787591234.html,kawasaki,winchester,29.0
169,2015 harley-davidson® xl883l - super low sportster® many extras,6000,2015.0,https://washingtondc.craigslist.org/mld/mcy/d/clarksburg-2015-harley-davidson-xl883l/7787583747.html,harley-davidson,washingtondc,10.0
170,2007 suzuki boulevard s50,2500,2007.0,https://washingtondc.craigslist.org/mld/mcy/d/beltsville-2007-suzuki-boulevard-s50/7787558780.html,suzuki,washingtondc,18.0
171,harley davidson sportster 1200 xl custom,5000,,https://washingtondc.craigslist.org/nva/mcy/d/alexandria-harley-davidson-sportster/7787510026.html,harley-davidson,washingtondc,
172,1993 harley davidson fxlr low rider custom,6750,1993.0,https://baltimore.craigslist.org/mcy/d/glen-burnie-1993-harley-davidson-fxlr/7787480347.html,harley-davidson,baltimore,32.0
173,2021 kawasaki ninja 400 abs,4800,2021.0,https://washingtondc.craigslist.org/mld/mcy/d/silver-spring-2021-kawasaki-ninja-400/7787463354.html,kawasaki,washingtondc,4.0
174,2024 ktm 250 sx-f,8499,2024.0,https://washingtondc.craigslist.org/nva/mcy/d/ashburn-2024-ktm-250-sx/7787420709.html,ktm,washingtondc,1.0
175,1966 honda s 65,2900,1966.0,https://york.craigslist.org/mcd/d/york-1966-honda-65/7787394977.html,harley-davidson,york,59.0
176,1969 kawasaki h1,12500,1969.0,https://annapolis.craigslist.org/mcy/d/shady-side-1969-kawasaki-h1/7787393640.html,kawasaki,annapolis,56.0
177,1969 triumph 650,5300,1969.0,https://york.craigslist.org/mcd/d/york-1969-triumph-650/7787388969.html,triumph,york,56.0
178,"1975 bmw r90/6 , motorcycle",5900,1975.0,https://york.craigslist.org/mcd/d/york-1975-bmw-r90-motorcycle/7787388477.html,bmw motorrad,york,50.0
179,"2005 yamaha xv1700 ""road star"" for sale",3000,2005.0,https://danville.craigslist.org/mcy/d/chase-city-2005-yamaha-xv1700-road-star/7787384044.html,yamaha,danville,20.0
180,yamaha mt09 - price drop,7500,,https://washingtondc.craigslist.org/nva/mcd/d/chantilly-yamaha-mt09-price-drop/7787362375.html,harley-davidson,washingtondc,
181,2000 bmw r1100rt project bike,2495,2000.0,https://baltimore.craigslist.org/mcd/d/annapolis-junction-2000-bmw-r1100rt/7787342903.html,bmw motorrad,baltimore,25.0
182,2016 harly davidson ultra limited!!!,16000,2016.0,https://richmond.craigslist.org/mcy/d/prince-george-2016-harly-davidson-ultra/7787324395.html,harley-davidson,richmond,9.0
183,2005 yamaha yzf-600r with accessories bundle,4395,2005.0,https://washingtondc.craigslist.org/mld/mcy/d/germantown-2005-yamaha-yzf-600r-with/7787304051.html,yamaha,washingtondc,20.0
184,honda shadow 650,1700,,https://washingtondc.craigslist.org/nva/mcy/d/fairfax-honda-shadow-650/7787299193.html,honda,washingtondc,
185,2007 harley davidson softail standard,6400,2007.0,https://richmond.craigslist.org/mcd/d/ashland-2007-harley-davidson-softail/7787253994.html,harley-davidson,richmond,18.0
186,2017 triumph scrambler 900,6000,2017.0,https://richmond.craigslist.org/mcd/d/ashland-2017-triumph-scrambler-900/7787253832.html,triumph,richmond,8.0
187,super clean! 2016 harley-davidson flhtkl - ultra limited low,13990,2016.0,https://richmond.craigslist.org/mcd/d/ashland-super-clean-2016-harley/7787253649.html,harley-davidson,richmond,9.0
188,2010 harley davidson electra glide classic,9499,2010.0,https://richmond.craigslist.org/mcd/d/ashland-2010-harley-davidson-electra/7787253432.html,harley-davidson,richmond,15.0
189,2006 harley davidson fxdwgi dyna wide glide,6500,2006.0,https://richmond.craigslist.org/mcd/d/ashland-2006-harley-davidson-fxdwgi/7787253290.html,harley-davidson,richmond,19.0
190,2016 harley davidson xl1200 custom,6400,2016.0,https://richmond.craigslist.org/mcd/d/ashland-2016-harley-davidson-xl1200/7787252775.html,harley-davidson,richmond,9.0
191,2014 honda shadow phantom,5000,2014.0,https://richmond.craigslist.org/mcd/d/ashland-2014-honda-shadow-phantom/7787252616.html,honda,richmond,11.0
192,2015 triumph tiger explorer xc abs,7000,2015.0,https://richmond.craigslist.org/mcd/d/ashland-2015-triumph-tiger-explorer-xc/7787252106.html,triumph,richmond,10.0
193,2023 moto guzzi v100 mandello aviazione navale,9300,2023.0,https://richmond.craigslist.org/mcd/d/ashland-2023-moto-guzzi-v100-mandello/7787251560.html,bmw motorrad,richmond,2.0
194,2022 triumph tigersport 660,6200,2022.0,https://richmond.craigslist.org/mcy/d/richmond-2022-triumph-tigersport-660/7787229555.html,triumph,richmond,3.0
195,honda goldwing touring 2008,8300,2008.0,https://richmond.craigslist.org/mcy/d/henrico-honda-goldwing-touring-2008/7787216268.html,honda,richmond,17.0
196,kawasaki zzr1200,5500,,https://washingtondc.craigslist.org/mld/mcy/d/oxon-hill-kawasaki-zzr1200/7787198277.html,kawasaki,washingtondc,
197,2017 indian roadmaster,14995,2017.0,https://charlottesville.craigslist.org/mcy/d/charlottesville-2017-indian-roadmaster/7787178661.html,indian motorcycle,charlottesville,8.0
198,honda goldwing trike & trailer,37500,,https://winchester.craigslist.org/mcy/d/addison-honda-goldwing-trike-trailer/7787143700.html,honda,winchester,
199,honda goldwing and aluma trailer,37500,,https://morgantown.craigslist.org/mcy/d/addison-honda-goldwing-and-aluma-trailer/7787142473.html,honda,morgantown,
200,honda goldwing trike and trailer,37500,,https://westmd.craigslist.org/mcy/d/addison-honda-goldwing-trike-and-trailer/7787140015.html,honda,westmd,
201,2012 suzuki dr-z400s,6000,2012.0,https://annapolis.craigslist.org/mcy/d/davidsonville-2012-suzuki-dr-z400s/7787139157.html,suzuki,annapolis,13.0
202,honda goldwing dct tour trike,37500,,https://westmd.craigslist.org/mcy/d/addison-honda-goldwing-dct-tour-trike/7787138202.html,honda,westmd,
203,2013 vstar  650,3300,2013.0,https://richmond.craigslist.org/mcy/d/louisa-2013-vstar-650/7787134909.html,missing,richmond,12.0
204,two motorcycles harleys,15000,,https://richmond.craigslist.org/mcy/d/mechanicsville-two-motorcycles-harleys/7787121629.html,missing,richmond,
205,honda goldwing trike and alumatrailer,37500,,https://pittsburgh.craigslist.org/mcy/d/addison-honda-goldwing-trike-and/7787120632.html,honda,pittsburgh,
206,2020 bmw k1600 gt,18950,2020.0,https://washingtondc.craigslist.org/nva/mcy/d/fairfax-station-2020-bmw-k1600-gt/7787065563.html,bmw motorrad,washingtondc,5.0
207,2012 harley davidson street glide,13500,2012.0,https://washingtondc.craigslist.org/nva/mcy/d/nokesville-2012-harley-davidson-street/7787058988.html,harley-davidson,washingtondc,13.0
208,harley davidson 2002 fatboy,5200,2002.0,https://norfolk.craigslist.org/mcy/d/yorktown-harley-davidson-2002-fatboy/7787039956.html,harley-davidson,norfolk,23.0
209,mopeds 50cc,500,,https://lynchburg.craigslist.org/mcy/d/lynchburg-mopeds-50cc/7787004605.html,missing,lynchburg,
210,custom hd 1200 sportster,8500,,https://washingtondc.craigslist.org/nva/mcy/d/arlington-custom-hd-1200-sportster/7786991693.html,missing,washingtondc,
211,2008 suzuki boulevard c50t motorcycle,4260,2008.0,https://baltimore.craigslist.org/mcy/d/dundalk-2008-suzuki-boulevard-c50t/7786945074.html,suzuki,baltimore,17.0
212,2008 victory vegas jackpot - full warranty - must see!,5699,2008.0,https://annapolis.craigslist.org/mcd/d/felton-2008-victory-vegas-jackpot-full/7786915948.html,harley-davidson,annapolis,17.0
213,harley davidson sportster 1200 xl custom,5595,,https://washingtondc.craigslist.org/nva/mcy/d/arlington-harley-davidson-sportster/7786914165.html,harley-davidson,washingtondc,
214,2017 kawasaki z900 abs - $1000s in upgrades!,5899,2017.0,https://southjersey.craigslist.org/mcy/d/felton-2017-kawasaki-z900-abs-in/7786913517.html,harley-davidson,southjersey,8.0
215,2006 suzuki gsxr 1000 - clean title in hand  - track bike,4899,2006.0,https://delaware.craigslist.org/mcy/d/felton-2006-suzuki-gsxr-clean-title-in/7786912467.html,harley-davidson,delaware,19.0
216,2023 transpro 150 cc,1200,2023.0,https://washingtondc.craigslist.org/doc/mcy/d/washington-2023-transpro-150-cc/7786870559.html,missing,washingtondc,2.0
217,2014 honda rebel 250,2000,2014.0,https://washingtondc.craigslist.org/nva/mcy/d/springfield-2014-honda-rebel-250/7786860583.html,honda,washingtondc,11.0
218,2018 ktm 1090 adventure r,9700,2018.0,https://york.craigslist.org/mcy/d/dover-2018-ktm-1090-adventure/7786859700.html,harley-davidson,york,7.0
219,goldwing 1800 cruiser,5000,,https://washingtondc.craigslist.org/nva/mcy/d/sterling-goldwing-1800-cruiser/7786849092.html,missing,washingtondc,
220,2014 suzuki v-strom 1000 abs,6200,2014.0,https://washingtondc.craigslist.org/nva/mcy/d/gainesville-2014-suzuki-strom-1000-abs/7786829695.html,suzuki,washingtondc,11.0
221,1967 triumph 650,6900,1967.0,https://york.craigslist.org/mcd/d/york-1967-triumph-650/7786806536.html,triumph,york,58.0
222,1976 honda gl1000,5900,1976.0,https://york.craigslist.org/mcd/d/york-1976-honda-gl1000/7786805061.html,honda,york,49.0
223,1977 suzuki 250,1795,1977.0,https://york.craigslist.org/mcd/d/york-1977-suzuki-250/7786801712.html,suzuki,york,48.0
224,2016 harley davidson ultra limited,14900,2016.0,https://baltimore.craigslist.org/mcy/d/joppa-2016-harley-davidson-ultra-limited/7786783084.html,harley-davidson,baltimore,9.0
225,2023 harley davidson heritage,19500,2023.0,https://washingtondc.craigslist.org/nva/mcy/d/warrenton-2023-harley-davidson-heritage/7786775364.html,harley-davidson,washingtondc,2.0
226,z1r helmet,25,,https://washingtondc.craigslist.org/nva/mcy/d/fairfax-station-z1r-helmet/7786766244.html,missing,washingtondc,
227,2022 bmw c400gt,5200,2022.0,https://washingtondc.craigslist.org/nva/mcy/d/alexandria-2022-bmw-c400gt/7786755122.html,bmw motorrad,washingtondc,3.0
228,2003 suzuki volusia intruder,2700,2003.0,https://richmond.craigslist.org/mcy/d/richmond-2003-suzuki-volusia-intruder/7786739764.html,suzuki,richmond,22.0
229,2017 honda rebel 500 - low mileage,5000,2017.0,https://norfolk.craigslist.org/mcy/d/hampton-2017-honda-rebel-low-mileage/7786739758.html,harley-davidson,norfolk,8.0
230,95 honda goldwing se,3800,,https://baltimore.craigslist.org/mcy/d/westminster-95-honda-goldwing-se/7786725727.html,honda,baltimore,
231,2016 piaggio mc 500 cc scooter motorcycle,3200,2016.0,https://washingtondc.craigslist.org/nva/mcy/d/falls-church-2016-piaggio-mc-500-cc/7786720629.html,indian motorcycle,washingtondc,9.0
232,2023 harley-davidson breakout,20000,2023.0,https://washingtondc.craigslist.org/nva/mcy/d/manassas-2023-harley-davidson-breakout/7786715519.html,harley-davidson,washingtondc,2.0
233,2022 yamaha ttr 230,3300,2022.0,https://frederick.craigslist.org/mcy/d/mount-airy-2022-yamaha-ttr-230/7786675729.html,yamaha,frederick,3.0
234,kawasaki vulcan 1600 classic,3600,,https://washingtondc.craigslist.org/mld/mcy/d/columbia-kawasaki-vulcan-1600-classic/7786672632.html,kawasaki,washingtondc,
235,1997 harley davidson heritage softail classic - only 15k miles!,4899,1997.0,https://baltimore.craigslist.org/mcd/d/felton-1997-harley-davidson-heritage/7786660062.html,harley-davidson,baltimore,28.0
236,2019 ducati supersport s - new tires - only 6k miles,9899,2019.0,https://washingtondc.craigslist.org/mld/mcd/d/felton-2019-ducati-supersport-new-tires/7786659321.html,harley-davidson,washingtondc,6.0
237,2024 gsx-s1000,10000,2024.0,https://richmond.craigslist.org/mcy/d/henrico-2024-gsx-s1000/7786652481.html,missing,richmond,1.0
238,honda nt 700 v,3200,,https://washingtondc.craigslist.org/nva/mcy/d/fairfax-honda-nt-700/7786537655.html,harley-davidson,washingtondc,
239,1972 yamaha 80,1700,1972.0,https://york.craigslist.org/mcd/d/york-1972-yamaha-80/7786527918.html,yamaha,york,53.0
240,1986 kawasaki zl600,1895,1986.0,https://york.craigslist.org/mcd/d/york-1986-kawasaki-zl600/7786526441.html,kawasaki,york,39.0
241,2002 bmw r1150rt project bike,2495,2002.0,https://baltimore.craigslist.org/mcd/d/annapolis-junction-2002-bmw-r1150rt/7786522989.html,bmw motorrad,baltimore,23.0
242,1979 yamaha enduro 500 xt,3900,1979.0,https://york.craigslist.org/mcd/d/york-1979-yamaha-enduro-500-xt/7786518626.html,yamaha,york,46.0
243,1973 yamaha dt 250,3900,1973.0,https://york.craigslist.org/mcd/d/york-1973-yamaha-dt-250/7786517728.html,yamaha,york,52.0
244,nanrobot d4+ 2.5 electric scooter,1000,,https://baltimore.craigslist.org/mcy/d/glen-burnie-nanrobot-d4-25-electric/7786496034.html,missing,baltimore,
245,1983 honda goldwing,3000,1983.0,https://fredericksburg.craigslist.org/mcy/d/wicomico-church-1983-honda-goldwing/7786447888.html,honda,fredericksburg,42.0
246,2006 harley-davidson flhtcui ultra classic electra glide,11000,2006.0,https://harrisonburg.craigslist.org/mcy/d/hot-springs-2006-harley-davidson/7786443914.html,harley-davidson,harrisonburg,19.0
247,2006 harley-davidson flhtcui ultra classic electra glide,11000,2006.0,https://roanoke.craigslist.org/mcy/d/hot-springs-2006-harley-davidson/7786441718.html,harley-davidson,roanoke,19.0
248,2017 harley davidson iron 883,5500,2017.0,https://washingtondc.craigslist.org/nva/mcy/d/centreville-2017-harley-davidson-iron/7786360663.html,harley-davidson,washingtondc,8.0
249,2013 yamaha fjr 1300 abs - very clean - full warranty!,4899,2013.0,https://philadelphia.craigslist.org/mcd/d/felton-2013-yamaha-fjr-1300-abs-very/7786357383.html,harley-davidson,philadelphia,12.0
250,2013 victory vegas jackpot,8700,2013.0,https://roanoke.craigslist.org/mcy/d/buchanan-2013-victory-vegas-jackpot/7786355756.html,missing,roanoke,12.0
251,2005 yamaha v-star,3750,2005.0,https://charlottesville.craigslist.org/mcy/d/staunton-2005-yamaha-star/7786327047.html,yamaha,charlottesville,20.0
252,"2005 yamaha v-star 1,100",3750,2005.0,https://harrisonburg.craigslist.org/mcy/d/staunton-2005-yamaha-star-1100/7786326055.html,yamaha,harrisonburg,20.0
253,2021 ktm390 adventure,5500,2021.0,https://charlottesville.craigslist.org/mcy/d/charlottesville-2021-ktm390-adventure/7786316014.html,missing,charlottesville,4.0
254,2017 ducati scrambler 800,6500,2017.0,https://charlottesville.craigslist.org/mcy/d/charlottesville-2017-ducati-scrambler/7786296032.html,ducati,charlottesville,8.0
255,1970 honda cb 350,5500,1970.0,https://york.craigslist.org/mcd/d/york-1970-honda-cb-350/7786247679.html,honda,york,55.0
256,1981 yamaha virago,995,1981.0,https://york.craigslist.org/mcd/d/york-1981-yamaha-virago/7786247101.html,yamaha,york,44.0
257,1967 honda ct 90,1600,1967.0,https://york.craigslist.org/mcd/d/york-1967-honda-ct-90/7786245995.html,honda,york,58.0
258,1982 yamaha seca turbo,4900,1982.0,https://york.craigslist.org/mcd/d/york-1982-yamaha-seca-turbo/7786240807.html,yamaha,york,43.0
259,2001 yamaha roadstar midnight  star,2500,2001.0,https://frederick.craigslist.org/mcy/d/frederick-2001-yamaha-roadstar-midnight/7786225232.html,yamaha,frederick,24.0
260,1998 bmw r1200c,6425,1998.0,https://norfolk.craigslist.org/mcy/d/smithfield-1998-bmw-r1200c/7786119525.html,bmw motorrad,norfolk,27.0
261,2006 yamaha stratoliner s,4100,2006.0,https://winchester.craigslist.org/mcy/d/winchester-2006-yamaha-stratoliner/7786108880.html,harley-davidson,winchester,19.0
262,2012 cvo screaming eagle street glide,15000,2012.0,https://smd.craigslist.org/mcy/d/waldorf-2012-cvo-screaming-eagle-street/7786094627.html,missing,smd,13.0
263,2014 victory cross country tour,11250,2014.0,https://martinsburg.craigslist.org/mcy/d/charles-town-2014-victory-cross-country/7786088113.html,missing,martinsburg,11.0
264,rare 1986 honda spree nq50 lollipop green,750,1986.0,https://washingtondc.craigslist.org/nva/mcy/d/alexandria-rare-1986-honda-spree-nq50/7786067717.html,honda,washingtondc,39.0
265,2014 harley davidson,6500,2014.0,https://altoona.craigslist.org/mcy/d/breezewood-2014-harley-davidson/7786054992.html,harley-davidson,altoona,11.0
266,naxeon motorcycle iam  call to set up ride at turbopowersports,7999,,https://baltimore.craigslist.org/mcd/d/baltimore-naxeon-motorcycle-iam-call-to/7786049223.html,ducati,baltimore,
267,"2015 ducati diavel carbon - $11,500 obo – open to trade",11500,2015.0,https://washingtondc.craigslist.org/nva/mcy/d/springfield-2015-ducati-diavel-carbon/7786035345.html,harley-davidson,washingtondc,10.0
268,2009 susuki 650 burgman,3800,2009.0,https://york.craigslist.org/mcy/d/emigsville-2009-susuki-650-burgman/7786010682.html,missing,york,16.0
269,harley rocker c,9000,,https://richmond.craigslist.org/mcy/d/midlothian-harley-rocker/7786008291.html,harley-davidson,richmond,
270,2006 harley davidson electraglide flhtp,7000,2006.0,https://smd.craigslist.org/mcy/d/saint-leonard-2006-harley-davidson/7785998687.html,harley-davidson,smd,19.0
271,2017 triumph thruxton 1200r,11500,2017.0,https://richmond.craigslist.org/mcd/d/richmond-2017-triumph-thruxton-1200r/7785980231.html,triumph,richmond,8.0
272,2013 triumph tiger xc,6000,2013.0,https://frederick.craigslist.org/mcy/d/leesburg-2013-triumph-tiger-xc/7785975009.html,triumph,frederick,12.0
273,1973 kawasaki 100,2095,1973.0,https://york.craigslist.org/mcd/d/york-1973-kawasaki-100/7785915355.html,kawasaki,york,52.0
274,1977 suzuki gs 750,1795,1977.0,https://york.craigslist.org/mcd/d/york-1977-suzuki-gs-750/7785911677.html,suzuki,york,48.0
275,1997 suzuki katana,995,1997.0,https://york.craigslist.org/mcd/d/york-1997-suzuki-katana/7785908508.html,suzuki,york,28.0
276,black 2018 triumph t100,6000,2018.0,https://washingtondc.craigslist.org/nva/mcy/d/woodbridge-black-2018-triumph-t100/7785904961.html,triumph,washingtondc,7.0
277,2022 honda cbr300r,4400,2022.0,https://richmond.craigslist.org/mcy/d/colonial-heights-2022-honda-cbr300r/7785902126.html,honda,richmond,3.0
278,2011 road king,8000,2011.0,https://winchester.craigslist.org/mcy/d/stephens-city-2011-road-king/7785901548.html,missing,winchester,14.0
279,2012 yamaha stryker 1300cc,5000,2012.0,https://washingtondc.craigslist.org/nva/mcy/d/fredericksburg-2012-yamaha-stryker/7785867781.html,yamaha,washingtondc,13.0
280,harley davidson ultra limited,14000,,https://frederick.craigslist.org/mcy/d/frederick-harley-davidson-ultra-limited/7785850251.html,harley-davidson,frederick,
281,1997 yamaha royal star,5200,1997.0,https://fredericksburg.craigslist.org/mcy/d/fredericksburg-1997-yamaha-royal-star/7785849487.html,yamaha,fredericksburg,28.0
282,2020 can-am ryker rally edition,13000,2020.0,https://richmond.craigslist.org/mcy/d/richmond-2020-can-am-ryker-rally-edition/7785844746.html,missing,richmond,5.0
283,2016 ktm 1290 super adventure,11250,2016.0,https://winchester.craigslist.org/mcy/d/upperville-2016-ktm-1290-super-adventure/7785838093.html,ktm,winchester,9.0
284,2021 honda crf 300 rally,5500,2021.0,https://richmond.craigslist.org/mcy/d/charles-city-2021-honda-crf-300-rally/7785834005.html,honda,richmond,4.0
285,2021 harley davidson heritage classic,17500,2021.0,https://annapolis.craigslist.org/mcy/d/bowie-2021-harley-davidson-heritage/7785821525.html,harley-davidson,annapolis,4.0
286,honda vfr 800,3800,,https://washingtondc.craigslist.org/nva/mcy/d/woodbridge-honda-vfr-800/7785799948.html,honda,washingtondc,
287,can-am 2012 spyder r/t limited,14000,2012.0,https://smd.craigslist.org/mcy/d/saint-leonard-can-am-2012-spyder-t/7785790647.html,missing,smd,13.0
288,boss hoss trike 41 willys,27500,,https://annapolis.craigslist.org/mcy/d/deale-boss-hoss-trike-41-willys/7785723066.html,missing,annapolis,
289,2018 vespa gts super abs,4750,2018.0,https://charlottesville.craigslist.org/mcy/d/charlottesville-2018-vespa-gts-super-abs/7785698828.html,missing,charlottesville,7.0
290,2014 street glide,15000,2014.0,https://smd.craigslist.org/mcy/d/avenue-2014-street-glide/7785696347.html,missing,smd,11.0
291,2003 gsxr 750,4000,2003.0,https://baltimore.craigslist.org/mcy/d/middle-river-2003-gsxr-750/7785671613.html,missing,baltimore,22.0
292,2017 polaris slingshot,19500,2017.0,https://baltimore.craigslist.org/mcy/d/westminster-2017-polaris-slingshot/7785659997.html,missing,baltimore,8.0
293,2006 kawasaki vulcan 900 classic,4998,2006.0,https://lynchburg.craigslist.org/mcy/d/altavista-2006-kawasaki-vulcan-900/7785654397.html,kawasaki,lynchburg,19.0
294,2014 moto guzzi griso 1200se,8499,2014.0,https://washingtondc.craigslist.org/doc/mcy/d/fort-washington-2014-moto-guzzi-griso/7785644657.html,bmw motorrad,washingtondc,11.0
295,dualtron eagle pro,850,,https://washingtondc.craigslist.org/nva/mcy/d/arlington-dualtron-eagle-pro/7785642292.html,missing,washingtondc,
296,2006 victory vegas,5300,2006.0,https://washingtondc.craigslist.org/doc/mcy/d/fort-washington-2006-victory-vegas/7785638973.html,missing,washingtondc,19.0
297,1986 suzuki sp 125,995,1986.0,https://york.craigslist.org/mcd/d/york-1986-suzuki-sp-125/7785629415.html,suzuki,york,39.0
298,1969 honda cb 350,2700,1969.0,https://york.craigslist.org/mcd/d/york-1969-honda-cb-350/7785623319.html,honda,york,56.0
299,1982 yamaha xs 400 heritage special,1295,1982.0,https://york.craigslist.org/mcd/d/york-1982-yamaha-xs-400-heritage-special/7785621589.html,yamaha,york,43.0
300,2018 honda crf450r,6500,2018.0,https://frederick.craigslist.org/mcy/d/frederick-2018-honda-crf450r/7785617637.html,honda,frederick,7.0
301,2022 triumph street twin,13500,2022.0,https://easternshore.craigslist.org/mcy/d/stevensville-2022-triumph-street-twin/7785604426.html,triumph,easternshore,3.0
302,2021 klx 230 abs for sale,4500,2021.0,https://baltimore.craigslist.org/mcy/d/baltimore-2021-klx-230-abs-for-sale/7785535995.html,missing,baltimore,4.0
303,2006 honda st1300 abs,7500,2006.0,https://harrisonburg.craigslist.org/mcy/d/harrisonburg-2006-honda-st1300-abs/7785521179.html,honda,harrisonburg,19.0
304,"2023 triumph tiger 900 gt - like new, extras",9900,2023.0,https://richmond.craigslist.org/mcy/d/henrico-2023-triumph-tiger-900-gt-like/7785497798.html,harley-davidson,richmond,2.0
305,"2023 triumph tiger 900gt - like new, w/extras",9900,2023.0,https://washingtondc.craigslist.org/nva/mcy/d/henrico-2023-triumph-tiger-900gt-like/7785497547.html,harley-davidson,washingtondc,2.0
306,one owner 2005 c90 boulevard,4000,2005.0,https://easternshore.craigslist.org/mcy/d/cambridge-one-owner-2005-c90-boulevard/7785494384.html,missing,easternshore,20.0
307,yamaha vino 50cc scooter. runs great.,1400,,https://washingtondc.craigslist.org/nva/mcy/d/clifton-yamaha-vino-50cc-scooter-runs/7785482046.html,yamaha,washingtondc,
308,voro roadrunner v2 newly refurbished scooter,1200,,https://baltimore.craigslist.org/mcy/d/baltimore-voro-roadrunner-v2-newly/7785455737.html,missing,baltimore,
309,vintage honda mechanic,0,,https://charlottesville.craigslist.org/mcy/d/keswick-vintage-honda-mechanic/7785452452.html,honda,charlottesville,
310,bmw k1200rs 2001,2250,2001.0,https://washingtondc.craigslist.org/mld/mcy/d/kensington-bmw-k1200rs-2001/7785443534.html,bmw motorrad,washingtondc,24.0
311,2013 harley-davidson ultra classic electra glide ultra classic,7500,2013.0,https://york.craigslist.org/mcd/d/york-2013-harley-davidson-ultra-classic/7785383921.html,harley-davidson,york,12.0
312,2021 harley davidson electra glide,13750,2021.0,https://norfolk.craigslist.org/mcd/d/gloucester-2021-harley-davidson-electra/7785382377.html,harley-davidson,norfolk,4.0
313,2008 ktm 990 sdr,6700,2008.0,https://washingtondc.craigslist.org/nva/mcy/d/arlington-2008-ktm-990-sdr/7785381239.html,ktm,washingtondc,17.0
314,harley-davidson 2020 iron 883,7599,2020.0,https://baltimore.craigslist.org/mcy/d/cockeysville-harley-davidson-2020-iron/7785342850.html,harley-davidson,baltimore,5.0
315,1972 yamaha xs 650,5500,1972.0,https://york.craigslist.org/mcd/d/york-1972-yamaha-xs-650/7785335560.html,yamaha,york,53.0
316,2001 yamaha road star,2800,2001.0,https://fredericksburg.craigslist.org/mcy/d/garrisonville-2001-yamaha-road-star/7785328729.html,yamaha,fredericksburg,24.0
317,it deserves better,2000,,https://washingtondc.craigslist.org/mld/mcy/d/bowie-it-deserves-better/7785312611.html,missing,washingtondc,
318,'07 streetglide,7900,,https://roanoke.craigslist.org/mcy/d/hardy-07-streetglide/7785310094.html,missing,roanoke,
319,2008 klr650,2500,2008.0,https://york.craigslist.org/mcy/d/new-oxford-2008-klr650/7785295687.html,missing,york,17.0
320,2003 honda goldwing,9900,2003.0,https://roanoke.craigslist.org/mcy/d/huddleston-2003-honda-goldwing/7785295158.html,honda,roanoke,22.0
321,1998 suzuki intruder 800,4900,1998.0,https://washingtondc.craigslist.org/nva/mcy/d/manassas-1998-suzuki-intruder-800/7785295141.html,suzuki,washingtondc,27.0
322,2017 harley davidson street glide special,15500,2017.0,https://richmond.craigslist.org/mcy/d/glen-allen-2017-harley-davidson-street/7785278081.html,harley-davidson,richmond,8.0
323,harley davidson fxdrs 2019,12800,2019.0,https://washingtondc.craigslist.org/nva/mcy/d/woodbridge-harley-davidson-fxdrs-2019/7785263102.html,harley-davidson,washingtondc,6.0
324,harley road king,17500,,https://washingtondc.craigslist.org/nva/mcy/d/falls-church-harley-road-king/7785232128.html,harley-davidson,washingtondc,
325,2003 honda shadow 1100 sabre,3500,2003.0,https://richmond.craigslist.org/mcy/d/chesterfield-2003-honda-shadow-1100/7785215095.html,honda,richmond,22.0
326,2006 yamaha vino 125,1300,2006.0,https://washingtondc.craigslist.org/nva/mcy/d/arlington-2006-yamaha-vino-125/7785202543.html,yamaha,washingtondc,19.0
327,electric scooter/moped vespa style!! brand new!,2495,,https://washingtondc.craigslist.org/doc/mcd/d/washington-electric-scooter-moped-vespa/7785188916.html,missing,washingtondc,
328,honda metropolitan scooter moped,1600,,https://baltimore.craigslist.org/mcy/d/halethorpe-honda-metropolitan-scooter/7785183678.html,honda,baltimore,
329,virago 250,1200,,https://washingtondc.craigslist.org/nva/mcy/d/reston-virago-250/7785140438.html,missing,washingtondc,
330,2017 flhx under 3kmiles,17000,2017.0,https://washingtondc.craigslist.org/nva/mcy/d/reston-2017-flhx-under-3kmiles/7785139317.html,missing,washingtondc,8.0
331,2013 heritage harley davidson,11000,2013.0,https://richmond.craigslist.org/mcy/d/saluda-2013-heritage-harley-davidson/7785112325.html,harley-davidson,richmond,12.0
332,2020 triumph street triple r lrh,6950,2020.0,https://washingtondc.craigslist.org/nva/mcy/d/vienna-2020-triumph-street-triple-lrh/7785108909.html,harley-davidson,washingtondc,5.0
333,2001 ducati st4,4500,2001.0,https://richmond.craigslist.org/mcy/d/richmond-2001-ducati-st4/7785086868.html,ducati,richmond,24.0
334,2007 venus 50cc scooter,450,2007.0,https://annapolis.craigslist.org/mcy/d/annapolis-2007-venus-50cc-scooter/7785078705.html,missing,annapolis,18.0
335,2005 harley davidson electra glide,5500,2005.0,https://winchester.craigslist.org/mcy/d/augusta-2005-harley-davidson-electra/7785074994.html,harley-davidson,winchester,20.0
336,1998 harley davidson sportster custom xl1200c near-mint condition,3900,1998.0,https://saltlakecity.craigslist.org/mcy/d/romney-1998-harley-davidson-sportster/7785051998.html,harley-davidson,saltlakecity,27.0
337,2009 yamaha stratoliner 1900cc,4800,2009.0,https://frederick.craigslist.org/mcy/d/frederick-2009-yamaha-stratoliner-1900cc/7785049033.html,yamaha,frederick,16.0
338,1984 honda nighthawk 650sc near mint,3600,1984.0,https://saltlakecity.craigslist.org/mcy/d/romney-1984-honda-nighthawk-650sc-near/7785048663.html,honda,saltlakecity,41.0
339,2012 honda shadow aero,3000,2012.0,https://baltimore.craigslist.org/mcy/d/rosedale-2012-honda-shadow-aero/7785016366.html,honda,baltimore,13.0
340,2020 yamaha ttr50el,1500,2020.0,https://washingtondc.craigslist.org/nva/mcy/d/woodbridge-2020-yamaha-ttr50el/7784991566.html,yamaha,washingtondc,5.0
341,honda nx 650 motorcycle,5800,,https://easternshore.craigslist.org/mcy/d/greensboro-honda-nx-650-motorcycle/7784973723.html,honda,easternshore,
342,2000 harley fatboy,5800,2000.0,https://chambersburg.craigslist.org/mcy/d/lurgan-2000-harley-fatboy/7784953211.html,harley-davidson,chambersburg,25.0
343,2003 ninja 250,2000,2003.0,https://chambersburg.craigslist.org/mcy/d/fairfield-2003-ninja-250/7784950043.html,missing,chambersburg,22.0
344,2022 honda adv 150 abs,3200,2022.0,https://richmond.craigslist.org/mcy/d/henrico-2022-honda-adv-150-abs/7784939743.html,honda,richmond,3.0
345,bmw 2003 r1150rs,3200,2003.0,https://washingtondc.craigslist.org/nva/mcy/d/unionville-bmw-2003-r1150rs/7784888257.html,bmw motorrad,washingtondc,22.0
346,2013 harley davidson sportster xl custom 1200cc,6900,2013.0,https://washingtondc.craigslist.org/doc/mcy/d/sterling-2013-harley-davidson-sportster/7784829129.html,harley-davidson,washingtondc,12.0
347,2005 honda vtx1800 f3,6400,2005.0,https://richmond.craigslist.org/mcy/d/sandston-2005-honda-vtx1800-f3/7784822993.html,honda,richmond,20.0
